cricsheet_id,name,cricinfo_id,batting_hand,bowling_class,batting_raw,bowling_raw,provenance,source,retrieved
00ea847a,MA Agarwal,398438,RHB,OB,Right-handed,Right-arm off break,sourced,wikipedia:Mayank Agarwal,2026-08-27
0184dc35,R Dravid,28114,RHB,OB,Right-handed,Right arm off break,sourced,wikipedia:Rahul Dravid,2026-08-27
034b4b7d,VRV Singh,35281,RHB,RAP,Right-handed,Right-arm fast-medium,sourced,wikipedia:V. R. V. Singh,2026-08-27
03806cf8,JR Hazlewood,288284,LHB,RAP,Left-handed,Right-arm fast-medium,sourced,wikipedia:Josh Hazlewood,2026-08-27
04a418e8,R Parag,1079434,RHB,LB,Right-handed,"Right-arm off break, leg break",sourced,wikipedia:Riyan Parag,2026-08-27
05c2ca46,RE van der Merwe,47850,RHB,SLA,Right-handed,Slow left-arm orthodox,sourced,wikipedia:Roelof van der Merwe,2026-08-27
0604ef16,SB Bangar,27225,RHB,RAP,Right-handed,Right-arm medium,sourced,wikipedia:Sanjay Bangar,2026-08-27
0890552f,A Manohar,778963,RHB,,Right-handed,Leg break googly,sourced,wikipedia:Abhinav Manohar,2026-08-27
0994d0ae,V Shankar,477021,RHB,RAP,Right-handed,Right-arm medium,sourced,wikipedia:Vijay Shankar,2026-08-27
0a3d54b9,VR Aaron,360911,RHB,RAP,Right-handed,Right-arm fast,sourced,wikipedia:Varun Aaron,2026-08-27
0a476045,S Dhawan,28235,LHB,OB,Left-handed,Right-arm off break,sourced,wikipedia:Shikhar Dhawan,2026-08-27
0a509d6b,RK Singh,723105,LHB,OB,Left-handed,Right-arm off break,sourced,wikipedia:Rinku Singh (cricketer),2026-08-27
0a67aec0,Akash Deep,1176959,RHB,RAP,Right-handed,Right-arm fast-medium,sourced,wikipedia:Akash Deep,2026-08-27
0a8fce53,Mustafizur Rahman,330902,LHB,LAP,Left-handed,Left-arm fast-medium,sourced,wikipedia:Mustafizur Rahman,2026-08-27
0bacade8,Rahmanullah Gurbaz,974087,RHB,,Right-handed,,sourced,wikipedia:Rahmanullah Gurbaz,2026-08-27
0c2730df,A Kumble,30176,RHB,,Right-handed,Leg break,sourced,wikipedia:Anil Kumble,2026-08-27
0c432afb,P Parameswaran,279562,RHB,LAP,Right-handed,Left-arm fast-medium,sourced,wikipedia:Prasanth Parameswaran,2026-08-27
0c94f480,UBT Chand,446499,RHB,OB,Right-handed,Right-arm off break,sourced,wikipedia:Unmukt Chand,2026-08-27
0c9652b0,HR Shokeen,1175423,RHB,OB,Right-handed,Right-arm off break,sourced,wikipedia:Hrithik Shokeen,2026-08-27
0dc00542,Shahid Afridi,42639,RHB,LB,Right-handed,Right-arm leg spin,sourced,wikipedia:Shahid Afridi,2026-08-27
0ebfb1ad,E Lewis,431901,LHB,RAP,Left-handed,Right-arm medium,sourced,wikipedia:Evin Lewis,2026-08-27
0f12f9df,NLTC Perera,233514,LHB,RAP,Left-handed,Right-arm medium-fast,sourced,wikipedia:Thisara Perera,2026-08-27
0f721006,JO Holder,391485,RHB,RAP,Right-handed,Right-arm medium-fast,sourced,wikipedia:Jason Holder,2026-08-27
11614d87,D Pretorius,327830,RHB,RAP,Right-handed,Right-arm medium-fast,sourced,wikipedia:Dwaine Pretorius,2026-08-27
119678fd,KV Sharma,30288,LHB,LB,Left-handed,Right arm leg break googly,sourced,wikipedia:Karn Sharma,2026-08-27
12314277,Arshad Khan (2),1244751,LHB,LAP,Left-handed,Left-arm medium,sourced,wikipedia:Arshad Khan (Indian cricketer),2026-08-27
12b610c2,TM Head,530011,LHB,OB,Left-handed,Right-arm off break,sourced,wikipedia:Travis Head,2026-08-27
12eddf28,RJ Harris,5779,RHB,RAP,Right-handed,Right-arm fast,sourced,wikipedia:Ryan Harris (cricketer),2026-08-27
13c35c9e,TG Southee,232364,RHB,RAP,Right-handed,Right-arm medium-fast,sourced,wikipedia:Tim Southee,2026-08-27
14f96089,A Zampa,379504,RHB,LB,Right-handed,Right-arm Leg-Break,sourced,wikipedia:Adam Zampa,2026-08-27
16043342,AB McDonald,6553,RHB,RAP,Right-handed,Right-arm fast-medium,sourced,wikipedia:Andrew McDonald (cricketer),2026-08-27
1647bd37,Karanveer Singh,322535,RHB,LB,Right-handed,Right-arm legbreak & googly,sourced,wikipedia:Karanveer Singh,2026-08-27
16dfcc19,Umar Gul,43524,RHB,RAP,Right-handed,Right-arm fast-medium,sourced,wikipedia:Umar Gul,2026-08-27
172dff15,C Bosch,594322,RHB,RAP,Right-handed,Right-arm fast medium,sourced,wikipedia:Corbin Bosch,2026-08-27
1a0c3177,P Awana,323131,RHB,,Right-handed,,sourced,wikipedia:Parvinder Awana,2026-08-27
1abb78f8,SN Thakur,475281,RHB,RAP,Right-handed,Right-arm medium,sourced,wikipedia:Shardul Thakur,2026-08-27
1c17e270,RV Uthappa,35582,RHB,RAP,Right-handed,Right-arm medium,sourced,wikipedia:Robin Uthappa,2026-08-27
1c2a64cd,A Ashish Reddy,389605,RHB,RAP,Right-handed,Right-arm medium,sourced,wikipedia:Ashish Reddy,2026-08-27
1c914163,Yuvraj Singh,36084,LHB,SLA,Left-handed,Slow left-arm orthodox,sourced,wikipedia:Yuvraj Singh,2026-08-27
1da489ff,S Kaushik,917213,RHB,SLW,Right-handed,Slow left-arm wrist-spin,sourced,wikipedia:Shivil Kaushik,2026-08-27
1dc12ab9,SK Raina,33335,LHB,OB,Left-handed,Right-arm off-spin,sourced,wikipedia:Suresh Raina,2026-08-27
1e66c162,JD Unadkat,390484,RHB,LAP,Right-handed,Left-arm medium,sourced,wikipedia:Jaydev Unadkat,2026-08-27
2049f3a0,SJ Srivastava,34245,RHB,LAP,Right-handed,Left-arm fast-medium,sourced,wikipedia:Shalabh Srivastava,2026-08-27
20a941bb,M Ntini,46592,RHB,RAP,Right-handed,Right-arm fast,sourced,wikipedia:Makhaya Ntini,2026-08-27
21d4e29b,NA Saini,700167,RHB,RAP,Right-handed,Right-arm fast,sourced,wikipedia:Navdeep Saini,2026-08-27
235c2bb6,H Klaasen,436757,RHB,OB,Right-handed,Right-arm off spin,sourced,wikipedia:Heinrich Klaasen,2026-08-27
23eeb873,DL Chahar,447261,RHB,RAP,Right-handed,Right arm medium,sourced,wikipedia:Deepak Chahar,2026-08-27
244048f6,Arshdeep Singh,1125976,LHB,LAP,Left-handed,Left-arm medium-fast,sourced,wikipedia:Arshdeep Singh,2026-08-27
245c97cb,TS Mills,459257,RHB,LAP,Right-handed,Left-arm fast,sourced,wikipedia:Tymal Mills,2026-08-27
2498e163,JR Hopes,5702,RHB,RAP,Right-handed,Right-arm medium,sourced,wikipedia:James Hopes,2026-08-27
24d94623,Ankit Sharma,422992,LHB,SLA,Left-handed,Slow left-arm orthodox,sourced,wikipedia:Ankit Sharma (cricketer),2026-08-27
25228673,Harsh Dubey,1216159,LHB,SLA,Left-handed,Slow left-arm orthodox,sourced,wikipedia:Harsh Dubey,2026-08-27
25eeb281,PC Valthaty,35630,RHB,OB,Right-handed,Right-arm offbreak,sourced,wikipedia:Paul Valthaty,2026-08-27
260fd380,AM Salvi,34264,RHB,RAP,Right-handed,Right-arm fast-medium,sourced,wikipedia:Aavishkar Salvi,2026-08-27
26989d80,Shashank Singh,377534,RHB,,Right-handed,,sourced,wikipedia:Shashank Singh,2026-08-27
26a85969,R Dhawan,290727,RHB,RAP,Right-handed,Right-arm medium-fast,sourced,wikipedia:Rishi Dhawan,2026-08-27
26e5cabf,MK Tiwary,35565,RHB,LB,Right-handed,Right-arm leg break,sourced,wikipedia:Manoj Tiwary (cricketer),2026-08-27
271f83cd,SA Yadav,446507,RHB,OB,Right-handed,Right-arm off break,sourced,wikipedia:Suryakumar Yadav,2026-08-27
280fff14,Sakib Hussain,1340422,RHB,RAP,Right footed,Right-arm fast-medium,sourced,wikipedia:Sakib Hussain,2026-08-27
2815fe50,AA Jhunjhunwala,29702,RHB,OB,Right-handed,Right-arm off-break,sourced,wikipedia:Abhishek Jhunjhunwala,2026-08-27
29d72eb2,AA Chavan,337913,LHB,SLA,Left-handed,Slow left-arm orthodox,sourced,wikipedia:Ankeet Chavan,2026-08-27
29e95537,AM Rahane,277916,RHB,OB,Right-handed,Right-arm off spin,sourced,wikipedia:Ajinkya Rahane,2026-08-27
2a2e6343,DT Christian,4864,RHB,RAP,Right-handed,Right-arm fast-medium,sourced,wikipedia:Dan Christian,2026-08-27
2a72fd4f,Harmeet Singh,391128,RHB,RAP,Right-handed,Right-arm medium,sourced,wikipedia:Harmeet Singh Bansal,2026-08-27
2af1b6d2,AN Ahmed,228430,RHB,RAP,Right-handed,Right-arm fast-medium,sourced,wikipedia:Abu Nechim,2026-08-27
2b6e6dec,AC Gilchrist,5390,LHB,,Left-handed,,sourced,wikipedia:Adam Gilchrist,2026-08-27
2c25d4f5,D Padikkal,1119026,LHB,OB,Left-handed,Right-arm off break,sourced,wikipedia:Devdutt Padikkal,2026-08-27
2cdce1be,C Sakariya,1131754,LHB,LAP,Left-handed,Left-arm medium-fast,sourced,wikipedia:Chetan Sakariya,2026-08-27
2cffab74,Mukesh Kumar,926851,RHB,RAP,Right-handed,Right-arm medium-fast,sourced,wikipedia:Mukesh Kumar (cricketer),2026-08-27
2e11c706,BCJ Cutting,230371,RHB,RAP,Right-handed,Right-arm fast-medium,sourced,wikipedia:Ben Cutting,2026-08-27
2e171977,AR Patel,554691,LHB,SLA,Left-handed,Slow left-arm orthodox,sourced,wikipedia:Axar Patel,2026-08-27
2e78f685,KR Sen,1163695,RHB,RAP,Right-handed,Right arm fast,sourced,wikipedia:Kuldeep Sen,2026-08-27
2e81a32d,B Kumar,326016,RHB,RAP,Right-handed,Right-arm medium,sourced,wikipedia:Bhuvneshwar Kumar,2026-08-27
2e8994e7,JP Duminy,44932,LHB,OB,Left-handed,Right-arm offbreak,sourced,wikipedia:JP Duminy,2026-08-27
2ed569a0,RD Chahar,1064812,RHB,LB,Right-handed,Right-arm leg break,sourced,wikipedia:Rahul Chahar,2026-08-27
2f49c897,Mohammed Siraj,940973,RHB,RAP,Right-handed,Right-arm fast,sourced,wikipedia:Mohammed Siraj,2026-08-27
2f9d0389,LH Ferguson,493773,RHB,RAP,Right-handed,Right-arm fast,sourced,wikipedia:Lockie Ferguson,2026-08-27
30a45b23,SPD Smith,267192,RHB,LB,Right-handed,Right-arm leg break,sourced,wikipedia:Steve Smith (cricketer),2026-08-27
30df8c66,Simarjeet Singh,1159722,RHB,RAP,Right handed,Right arm medium fast,sourced,wikipedia:Simarjeet Singh,2026-08-27
3204c99f,G Coetzee,596010,RHB,RAP,Right-handed,Right-arm fast,sourced,wikipedia:Gerald Coetzee,2026-08-27
32198ae0,MC Henriques,5961,RHB,RAP,Right-handed,Right-arm fast-medium,sourced,wikipedia:Moises Henriques,2026-08-27
3241e3fd,N Pooran,604302,LHB,OB,Left-handed,Right-arm off break,sourced,wikipedia:Nicholas Pooran,2026-08-27
327b58d3,PVD Chameera,552152,RHB,RAP,Right-handed,Right-arm fast,sourced,wikipedia:Dushmantha Chameera,2026-08-27
3355b542,F du Plessis,44828,RHB,LB,Right-handed,Right-arm leg-break,sourced,wikipedia:Faf du Plessis,2026-08-27
33a364a6,R Bhatia,26907,RHB,RAP,Right-handed,Right arm medium-fast,sourced,wikipedia:Rajat Bhatia,2026-08-27
342d8ade,CRD Fernando,48835,RHB,RAP,Right-handed,Right arm fast,sourced,wikipedia:Dilhara Fernando,2026-08-27
350bb1b1,AF Milne,450860,RHB,RAP,Right-handed,Right-arm fast,sourced,wikipedia:Adam Milne,2026-08-27
35205dfc,DR Smith,53118,RHB,RAP,Right-handed,Right-arm medium,sourced,wikipedia:Dwayne Smith,2026-08-27
3576e47e,S Badrinath,26806,RHB,OB,Right-handed,Right-arm off break,sourced,wikipedia:Subramaniam Badrinath,2026-08-27
36619795,Zeeshan Ansari,942371,RHB,,Right-handed,Legbreak googly,sourced,wikipedia:Zeeshan Ansari,2026-08-27
372455c4,Q de Kock,379143,LHB,,Left-handed,| role = Wicket-keeper,sourced,wikipedia:Quinton de Kock,2026-08-27
39a2dfa8,R Tewatia,423838,LHB,LB,Left-handed,Right-arm leg break,sourced,wikipedia:Rahul Tewatia,2026-08-27
39f01cdb,KP Pietersen,19296,RHB,OB,Right-handed,Right arm off break,sourced,wikipedia:Kevin Pietersen,2026-08-27
3a60e0b5,WD Parnell,265564,LHB,LAP,Left-handed,Left-arm medium-fast,sourced,wikipedia:Wayne Parnell,2026-08-27
3b53243a,XC Bartlett,1050545,RHB,RAP,Right-handed,Right-arm fast-medium,sourced,wikipedia:Xavier Bartlett,2026-08-27
3c6ffae8,YK Pathan,32498,RHB,OB,Right-handed,Right arm off break,sourced,wikipedia:Yusuf Pathan,2026-08-27
3d284ca3,PD Salt,669365,RHB,OB,Right-handed,Right-arm off spin,sourced,wikipedia:Phil Salt,2026-08-27
3d7e087f,SK Trivedi,35353,RHB,RAP,Right-handed,Right-arm fast medium,sourced,wikipedia:Siddharth Trivedi,2026-08-27
3d8feaf8,MR Marsh,272450,RHB,RAP,Right-handed,Right-arm medium,sourced,wikipedia:Mitchell Marsh,2026-08-27
3eac9d95,JDP Oram,38062,LHB,RAP,Left-handed,Right-arm fast-medium,sourced,wikipedia:Jacob Oram,2026-08-27
3edb58fc,AD Mascarenhas,16932,RHB,RAP,Right-handed,Right-arm medium-fast,sourced,wikipedia:Dimitri Mascarenhas,2026-08-27
3fb19989,MA Starc,311592,LHB,LAP,Left-handed,Left-arm fast,sourced,wikipedia:Mitchell Starc,2026-08-27
3fca55af,S Sohal,228943,RHB,,Right handed,Legbreak,sourced,wikipedia:Sunny Sohal,2026-08-27
4125d931,J Suchith,527663,LHB,SLA,Left-handed,Slow left-arm orthodox,sourced,wikipedia:Jagadeesha Suchith,2026-08-27
41eb4a4f,R Vinay Kumar,35731,RHB,RAP,Right-handed,Right-arm medium-fast,sourced,wikipedia:Vinay Kumar,2026-08-27
4329fbb5,SR Watson,8180,RHB,RAP,Right-handed,Right-arm fast-medium,sourced,wikipedia:Shane Watson,2026-08-27
4353bba5,YA Abdulla,224367,LHB,LAP,Left-handed,Left arm fast-medium,sourced,wikipedia:Yusuf Abdulla,2026-08-27
45a43fe2,RD Gaikwad,1060380,RHB,OB,Right-handed,Right arm off break,sourced,wikipedia:Ruturaj Gaikwad,2026-08-27
45c2196c,DE Bollinger,4508,LHB,LAP,Left-handed,Left-arm fast,sourced,wikipedia:Doug Bollinger,2026-08-27
45eda7c8,CA Lynn,326637,RHB,SLA,Right-handed,Slow left-arm orthodox,sourced,wikipedia:Chris Lynn,2026-08-27
462411b3,JJ Bumrah,625383,RHB,RAP,Right-handed,Right-arm fast,sourced,wikipedia:Jasprit Bumrah,2026-08-27
465aa633,N Burger,971349,LHB,LAP,Left-handed,Left-arm fast-medium,sourced,wikipedia:Nandre Burger,2026-08-27
46a9bea1,TU Deshpande,822553,LHB,RAP,Left-handed,Right-arm medium,sourced,wikipedia:Tushar Deshpande,2026-08-27
470f446b,V Suryavanshi,1408688,LHB,SLA,Left-handed,Slow left-arm orthodox,sourced,wikipedia:Vaibhav Sooryavanshi,2026-08-27
4885bbe6,Yudhvir Singh,1206052,RHB,RAP,Right-handed,Right-arm medium-fast,sourced,wikipedia:Yudhvir Singh (cricketer),2026-08-27
48a1d7b7,SO Hetmyer,670025,LHB,,Left-handed,,sourced,wikipedia:Shimron Hetmyer,2026-08-27
48fd7349,MEK Hussey,5939,LHB,RAP,Left-handed,Right-arm medium,sourced,wikipedia:Michael Hussey,2026-08-27
4933f499,JP Behrendorff,272477,RHB,LAP,Right-handed,Left-arm fast-medium,sourced,wikipedia:Jason Behrendorff,2026-08-27
495d42a5,R Ashwin,26421,RHB,OB,Right-handed,Right-arm off-break,sourced,wikipedia:Ravichandran Ashwin,2026-08-27
4a8a2e3b,MS Dhoni,28081,RHB,RAP,Right-handed,Right-arm medium,sourced,wikipedia:MS Dhoni,2026-08-27
4b31f3a3,Yash Thakur,1070196,RHB,RAP,| bowling = Right-arm fast-medium,Right-arm fast-medium,sourced,wikipedia:Yash Thakur,2026-08-27
4b57e452,M Vijay,237095,RHB,OB,Right-handed,Right-arm off break,sourced,wikipedia:Murali Vijay,2026-08-27
4ba44e19,M Muralitharan,49636,RHB,OB,Right-handed,Right-arm off break,sourced,wikipedia:Muttiah Muralitharan,2026-08-27
4bd09374,Akash Madhwal,1206039,RHB,RAP,Right-handed,Right-arm medium-fast,sourced,wikipedia:Akash Madhwal,2026-08-27
4c4fa80b,SMSM Senanayake,273439,RHB,OB,Right-handed,Right-arm off break,sourced,wikipedia:Sachithra Senanayake,2026-08-27
4c5d73db,CR Woakes,247235,RHB,RAP,Right-handed,Right-arm fast-medium,sourced,wikipedia:Chris Woakes,2026-08-27
4d7f517e,AJ Hosein,530812,LHB,SLA,Left-handed,Slow left-arm orthodox,sourced,wikipedia:Akeal Hosein,2026-08-27
4ec07775,RN ten Doeschate,47660,RHB,RAP,Right-handed,Right-arm medium-fast,sourced,wikipedia:Ryan ten Doeschate,2026-08-27
4f629497,SE Bond,36326,RHB,RAP,Right-handed,Right-arm fast,sourced,wikipedia:Shane Bond,2026-08-27
5056011d,GJ Bailey,4451,RHB,RAP,Right-handed,Right-arm medium,sourced,"wikipedia:George Bailey (cricketer, born 1982)",2026-08-27
508a1ea7,SE Marsh,6683,LHB,SLA,Left-handed,Slow left-arm orthodox,sourced,wikipedia:Shaun Marsh,2026-08-27
50c6bc2b,LS Livingstone,403902,RHB,,Right-handed,,sourced,wikipedia:Liam Livingstone,2026-08-27
51a3c5ef,MJ McClenaghan,319439,LHB,LAP,Left-handed,Left-arm fast medium,sourced,wikipedia:Mitchell McClenaghan,2026-08-27
529eb9e0,OC McCoy,906783,LHB,LAP,Left-handed,Left-arm fast-medium,sourced,wikipedia:Obed McCoy,2026-08-27
541f85c9,SP Goswami,302579,LHB,RAP,Left-handed,Right-arm medium,sourced,wikipedia:Shreevats Goswami,2026-08-27
5451a2c1,B Chipli,27685,RHB,RAP,Right-handed,Right-arm medium,sourced,wikipedia:Bharat Chipli,2026-08-27
54e52590,Vijaykumar Vyshak,777815,RHB,RAP,Right-handed,Right arm medium,sourced,wikipedia:Vijaykumar Vyshak,2026-08-27
557153ca,KK Cooper,371814,RHB,RAP,Right-handed,Right-arm medium,sourced,wikipedia:Kevon Cooper,2026-08-27
5574750c,JC Archer,669855,RHB,RAP,Right-handed,Right-arm fast,sourced,wikipedia:Jofra Archer,2026-08-27
56ab442f,NM Coulter-Nile,261354,RHB,RAP,Right-handed,Right-arm fast,sourced,wikipedia:Nathan Coulter-Nile,2026-08-27
5750bcb4,E Malinga,1306214,LHB,RAP,Left-handed,Right-arm medium fast,sourced,wikipedia:Eshan Malinga,2026-08-27
57ee1fde,YS Chahal,430246,RHB,LB,Right-handed,Right-arm leg break,sourced,wikipedia:Yuzvendra Chahal,2026-08-27
57efa3be,SB Styris,38407,RHB,RAP,Right-handed,Right-arm medium,sourced,wikipedia:Scott Styris,2026-08-27
59559bc2,J Overton,510530,RHB,RAP,Right-handed,Right-arm fast,sourced,wikipedia:Jamie Overton,2026-08-27
5afd4539,MS Bisla,27280,RHB,,Right-handed,| role = Wicket-keeper,sourced,wikipedia:Manvinder Bisla,2026-08-27
5b040b81,A Singh,26789,RHB,RAP,Right-handed,Right-arm medium-fast,sourced,wikipedia:Amit Singh (cricketer),2026-08-27
5b7ab5a9,CV Varun,1108375,RHB,LB,Right-handed,Right-arm leg break googly,sourced,wikipedia:Varun Chakravarthy,2026-08-27
5b8c830e,KH Pandya,471342,LHB,SLA,Left-handed,Slow left arm orthodox,sourced,wikipedia:Krunal Pandya,2026-08-27
5bb1a1c4,I Sharma,236779,RHB,RAP,Right-handed,Right-arm fast-medium,sourced,wikipedia:Ishant Sharma,2026-08-27
5bb5a915,M Morkel,46538,LHB,RAP,Left-handed,Right-arm fast,sourced,wikipedia:Morné Morkel,2026-08-27
5bdcdb72,TM Dilshan,48472,RHB,OB,Right-handed,Right-arm off spin,sourced,wikipedia:Tillakaratne Dilshan,2026-08-27
5d096f3d,RR Powar,32391,RHB,OB,Right-handed,Right-arm off spin,sourced,wikipedia:Ramesh Powar,2026-08-27
5d2eea49,Kartik Tyagi,1122918,RHB,RAP,Right-handed,Right arm fast,sourced,wikipedia:Kartik Tyagi,2026-08-27
5d9a1a73,R Sharma,272994,RHB,,Right-handed,Legbreak googly,sourced,"wikipedia:Rahul Sharma (cricketer, born 1986)",2026-08-27
5f26df4f,VS Malik,31738,RHB,RAP,Right-handed,Right-arm medium,sourced,wikipedia:Vikramjeet Malik,2026-08-27
5f4e9e8f,RR Raje,290713,RHB,RAP,Right-handed,Right-armed fast-medium,sourced,wikipedia:Rohan Raje,2026-08-27
5f547c8b,Rashid Khan,793463,RHB,,Right-handed,Leg break googly,sourced,wikipedia:Rashid Khan,2026-08-27
5fa06777,IK Pathan,32685,LHB,LAP,Left-handed,Left-arm medium-fast,sourced,wikipedia:Irfan Pathan,2026-08-27
626c5379,R Sathish,33870,RHB,RAP,Right-handed,Right-arm medium,sourced,wikipedia:Rajagopal Sathish,2026-08-27
62af8546,Mohammad Nabi,25913,RHB,OB,Right-handed,Right-arm off spin,sourced,wikipedia:Mohammad Nabi,2026-08-27
641ac5ff,IS Sodhi,559066,RHB,LB,Right-handed,Right-arm leg break,sourced,wikipedia:Ish Sodhi,2026-08-27
64775749,RP Meredith,961713,RHB,RAP,Right-handed,Right-arm fast,sourced,wikipedia:Riley Meredith,2026-08-27
64839cb3,M Pathirana,1194795,RHB,RAP,Right-handed,Right-arm fast,sourced,wikipedia:Matheesha Pathirana,2026-08-27
64d43928,Sohail Tanvir,43265,LHB,LAP,Left-handed,Left-arm medium-fast,sourced,wikipedia:Sohail Tanvir,2026-08-27
650d5e49,R Powell,820351,RHB,RAP,Right-handed,Right-arm medium-fast,sourced,wikipedia:Rovman Powell,2026-08-27
662c47a6,Y Nagar,317786,RHB,OB,Right-handed,Right arm Offbreak,sourced,wikipedia:Yogesh Nagar,2026-08-27
66b30f71,AB Dinda,227712,RHB,RAP,Right-handed,Right-arm fast medium,sourced,wikipedia:Ashok Dinda,2026-08-27
66cf56a5,A Mithun,310958,RHB,RAP,Right-handed,Right-arm fast-medium,sourced,wikipedia:Abhimanyu Mithun,2026-08-27
6834d1f2,B Stanlake,533042,LHB,RAP,Left-handed,Right-arm fast,sourced,wikipedia:Billy Stanlake,2026-08-27
68c56d09,KA Jamieson,625960,RHB,RAP,Right-handed,Right-arm fast-medium,sourced,wikipedia:Kyle Jamieson,2026-08-27
69be866a,Anureet Singh,376324,RHB,RAP,Right-handed,Right-arm medium-fast,sourced,wikipedia:Anureet Singh,2026-08-27
6a26221c,AK Markram,600498,RHB,OB,Right-handed,Right-arm off break,sourced,wikipedia:Aiden Markram,2026-08-27
6ad3a659,P Amarnath,290629,RHB,RAP,Right-handed,Right-arm medium,sourced,wikipedia:Palani Amarnath,2026-08-27
6aed7e79,PV Tambe,587152,RHB,LB,Right-handed,Right arm leg break,sourced,wikipedia:Pravin Tambe,2026-08-27
6afb26d6,MD Mishra,31028,RHB,OB,Right-handed,Right arm off spin,sourced,wikipedia:Mohnish Mishra,2026-08-27
6b19d823,A Mishra,31107,RHB,LB,Right-handed,Right-arm leg break,sourced,wikipedia:Amit Mishra,2026-08-27
6b71e6cf,KC Sangakkara,50710,LHB,OB,Left-handed,Right-arm off break,sourced,wikipedia:Kumar Sangakkara,2026-08-27
6b8eb6e5,S Sreesanth,34274,RHB,RAP,Right-handed,Right-arm fast-medium,sourced,wikipedia:S. Sreesanth,2026-08-27
6c19c6e5,YBK Jaiswal,1151278,LHB,LB,Left-handed,Right-arm leg break,sourced,wikipedia:Yashasvi Jaiswal,2026-08-27
6c6591ab,PP Ojha,32130,LHB,SLA,Left-handed,Slow left arm orthodox,sourced,wikipedia:Pragyan Ojha,2026-08-27
6eb146d2,Gurkeerat Singh,537124,RHB,OB,Right-handed,Right-arm off break,sourced,wikipedia:Gurkeerat Singh,2026-08-27
6ef60d3a,Kamran Khan,391121,LHB,LAP,Left-handed,Left-arm fast-medium,sourced,wikipedia:Kamran Khan (Indian cricketer),2026-08-27
7050a1e7,DB Das,328163,RHB,,Right-handed,,sourced,wikipedia:Debabrata Das,2026-08-27
709b0bac,SS Tiwary,35390,LHB,OB,Left-handed,Right-arm off-break,sourced,wikipedia:Saurabh Tiwary,2026-08-27
70d205c9,AT Rayudu,33141,RHB,OB,Right-handed,Right-arm off-spin,sourced,wikipedia:Ambati Rayudu,2026-08-27
7210d461,Yash Dayal,1159720,RHB,LAP,Right-handed,Left arm fast-medium,sourced,wikipedia:Yash Dayal,2026-08-27
725529bc,SC Ganguly,28779,LHB,RAP,Left-handed,Right-arm medium,sourced,wikipedia:Sourav Ganguly,2026-08-27
72861603,GC Smith,47270,LHB,OB,Left-handed,Right arm off break,sourced,wikipedia:Graeme Smith,2026-08-27
73ad96ed,DJ Hooda,497121,RHB,OB,Right-handed,Right-arm off break,sourced,wikipedia:Deepak Hooda,2026-08-27
73c18486,KR Mayers,348056,LHB,RAP,Left-handed,Right-arm medium,sourced,wikipedia:Kyle Mayers,2026-08-27
740742ef,RG Sharma,34102,RHB,OB,Right-handed,Right-arm off break,sourced,wikipedia:Rohit Sharma,2026-08-27
75224f22,KMA Paul,677081,RHB,RAP,Right-handed,Right-arm fast-medium,sourced,wikipedia:Keemo Paul,2026-08-27
752f7486,Ishan Kishan,720471,LHB,,Left-handed,"Leg break, Off-break",sourced,wikipedia:Ishan Kishan,2026-08-27
759ac88f,MM Sharma,537119,RHB,RAP,Right-handed,Right arm fast-medium,sourced,wikipedia:Mohit Sharma,2026-08-27
76388dc8,S Badree,51433,RHB,LB,Right-handed,Right-arm leg spin,sourced,wikipedia:Samuel Badree,2026-08-27
765a4731,Mukesh Choudhary,1125688,LHB,LAP,Left-handed,Left arm medium,sourced,wikipedia:Mukesh Choudhary,2026-08-27
77255a9e,RA Tripathi,446763,RHB,RAP,Right-handed,Right-arm medium,sourced,wikipedia:Rahul Tripathi,2026-08-27
77b1aa15,Harshit Rana,1312645,RHB,RAP,Right-handed,Right-arm fast,sourced,wikipedia:Harshit Rana,2026-08-27
798cc28e,KM Asif,1083030,RHB,RAP,Right-handed,Right-arm medium,sourced,wikipedia:KM Asif,2026-08-27
7a8bd078,S Gopal,344580,RHB,LB,Right-handed,Right-arm leg break,sourced,wikipedia:Shreyas Gopal,2026-08-27
7b679de5,Kartik Sharma,1459392,RHB,,Right-handed,| role = Wicket keeper batter,sourced,wikipedia:Kartik Sharma,2026-08-27
7bf96684,OA Shah,20123,RHB,OB,Right-handed,Right-arm off break,sourced,wikipedia:Owais Shah,2026-08-27
7c3b3b78,VG Arora,1209292,RHB,RAP,Right-handed,Right arm medium-fast,sourced,wikipedia:Vaibhav Arora,2026-08-27
7c503806,J Botha,44149,RHB,OB,Right-handed,Right-arm off break,sourced,wikipedia:Johan Botha (cricketer),2026-08-27
7c7d63a2,AJ Tye,459508,RHB,RAP,Right-handed,Right-arm medium-fast,sourced,wikipedia:Andrew Tye,2026-08-27
7ca5e05d,RS Bopara,10582,RHB,RAP,Right-handed,Right-arm medium,sourced,wikipedia:Ravi Bopara,2026-08-27
7d92277a,Mujeeb Ur Rahman,974109,RHB,OB,Right-handed,Right-arm off break,sourced,wikipedia:Mujeeb Ur Rahman,2026-08-27
7dc35884,Shakib Al Hasan,56143,LHB,SLA,Left-handed,Slow left-arm orthodox,sourced,wikipedia:Shakib Al Hasan,2026-08-27
7dcb9bc9,M Shahrukh Khan,719719,RHB,OB,Right-handed,Right-arm off break,sourced,wikipedia:Shahrukh Khan (cricketer),2026-08-27
7f048519,DJ Willey,308251,LHB,LAP,Left-handed,Left-arm fast-medium,sourced,wikipedia:David Willey (cricketer),2026-08-27
800d2d97,JM Sharma,721867,RHB,,Right-handed,,sourced,wikipedia:Jitesh Sharma,2026-08-27
808f425a,JP Faulkner,270484,RHB,LAP,Right-handed,Left-arm fast-medium,sourced,wikipedia:James Faulkner (cricketer),2026-08-27
80b2fb19,Prince Yadav,1350768,RHB,RAP,Right-handed,Right-arm fast,sourced,wikipedia:Prince Yadav,2026-08-27
81049310,J Yadav,447587,RHB,OB,Right-handed,Right-arm off-break,sourced,wikipedia:Jayant Yadav,2026-08-27
81c08fa3,Umran Malik,1246528,RHB,RAP,Right-handed,Right-arm fast,sourced,wikipedia:Umran Malik,2026-08-27
81c36ee9,M Jansen,696401,RHB,LAP,Right-handed,Left-arm fast,sourced,wikipedia:Marco Jansen,2026-08-27
8291f939,AL Menaria,371150,LHB,SLA,Left-handed,Slow left arm orthodox,sourced,wikipedia:Ashok Menaria,2026-08-27
83c3e8e3,SH Johnson,1123718,LHB,LAP,Left-handed,Left-arm fast,sourced,wikipedia:Spencer Johnson (cricketer),2026-08-27
844e79d1,D Brevis,1070665,RHB,LB,Right-handed,Right-arm leg-break,sourced,wikipedia:Dewald Brevis,2026-08-27
84d9c311,Ashutosh Sharma,1131978,RHB,RAP,Right-handed,Right-arm medium,sourced,wikipedia:Ashutosh Sharma (cricketer),2026-08-27
855a210c,AP Tare,333904,RHB,,Right-handed,,sourced,wikipedia:Aditya Tare,2026-08-27
85aae393,Iqbal Abdulla,277237,LHB,SLA,Left-handed,Slow left-arm orthodox,sourced,wikipedia:Iqbal Abdulla,2026-08-27
85b3fab2,T Stubbs,595978,RHB,OB,Right-handed,Right-arm off break,sourced,wikipedia:Tristan Stubbs,2026-08-27
85e0cf10,M Prasidh Krishna,917159,RHB,RAP,Right-handed,Right-arm fast-medium,sourced,wikipedia:Prasidh Krishna,2026-08-27
85ec8e33,SS Iyer,642519,RHB,LB,Right-handed,Right-arm leg break,sourced,wikipedia:Shreyas Iyer,2026-08-27
86dc8f2e,JH Kallis,45789,RHB,RAP,Right-handed,Right arm fast-medium,sourced,wikipedia:Jacques Kallis,2026-08-27
871e9faf,Basil Thampi,732291,RHB,RAP,Right-handed,Right-arm fast-medium,sourced,wikipedia:Basil Thampi,2026-08-27
872b03f7,A Badoni,1151270,RHB,OB,Right-handed,Right arm off break,sourced,wikipedia:Ayush Badoni,2026-08-27
87e562a9,DJ Bravo,51439,RHB,RAP,Right-handed,Right-arm medium-fast,sourced,wikipedia:Dwayne Bravo,2026-08-27
88fccd6c,SM Pollock,46774,RHB,RAP,Right-handed,Right arm fast-medium,sourced,wikipedia:Shaun Pollock,2026-08-27
890946a0,NV Ojha,32102,RHB,,Right-handed,| role = Wicket-keeper batsman,sourced,wikipedia:Naman Ojha,2026-08-27
896d78ad,AD Mathews,49764,RHB,RAP,Right-handed,Right-arm medium,sourced,wikipedia:Angelo Mathews,2026-08-27
89f64c19,LMP Simmons,53116,RHB,RAP,Right-handed,Right-arm fast-medium,sourced,wikipedia:Lendl Simmons,2026-08-27
8abdf100,CJ Anderson,277662,LHB,LAP,Left-handed,Left-arm medium-fast,sourced,wikipedia:Corey Anderson (cricketer),2026-08-27
8b3e9c7c,PP Shaw,1070168,RHB,OB,Right-handed,Right-arm off break,sourced,wikipedia:Prithvi Shaw,2026-08-27
8b5b6769,Harbhajan Singh,29264,RHB,OB,Right-handed,Right-arm off-spin,sourced,wikipedia:Harbhajan Singh,2026-08-27
8ba8195d,V Sehwag,35263,RHB,OB,Right-handed,Right arm off break,sourced,wikipedia:Virender Sehwag,2026-08-27
8cf9814c,Mohammed Shami,481896,RHB,RAP,Right-handed,Right-arm fast,sourced,wikipedia:Mohammed Shami,2026-08-27
8d2c70ad,Kuldeep Yadav,559235,LHB,SLW,Left-handed,Left-arm wrist spin,sourced,wikipedia:Kuldeep Yadav,2026-08-27
8d92a2c3,MA Wood,351588,RHB,RAP,Right-handed,Right-arm fast,sourced,wikipedia:Mark Wood (cricketer),2026-08-27
8db7f47f,RJW Topley,461632,RHB,LAP,Right-handed,Left-arm Fast-medium,sourced,wikipedia:Reece Topley,2026-08-27
8e514b4c,Abdul Samad,1175485,RHB,LB,Right-handed,Right-arm leg break,sourced,wikipedia:Abdul Samad (Indian cricketer),2026-08-27
8f6dd463,Azmatullah Omarzai,819429,RHB,RAP,Right-handed,Right-arm fast-medium,sourced,wikipedia:Azmatullah Omarzai,2026-08-27
8fd1a8f5,DW Steyn,47492,RHB,RAP,Right-handed,Right-arm fast,sourced,wikipedia:Dale Steyn,2026-08-27
9061a703,J Little,928067,RHB,LAP,Right-handed,Left-arm fast,sourced,wikipedia:Josh Little,2026-08-27
90de905a,K Gowtham,424377,RHB,OB,Right-handed,Right-arm off-break,sourced,wikipedia:Krishnappa Gowtham,2026-08-27
9170ff49,Parvez Rasool,378496,RHB,OB,Right-handed,Right-arm off break,sourced,wikipedia:Parvez Rasool,2026-08-27
919a3be2,RR Pant,931581,LHB,RAP,Left-handed,Right-arm medium,sourced,wikipedia:Rishabh Pant,2026-08-27
91a4a398,Z Khan,30102,RHB,LAP,Right-handed,Left-arm fast-medium,sourced,wikipedia:Zaheer Khan,2026-08-27
91ffa6c6,JD Ryder,38373,LHB,RAP,Left-handed,Right-arm medium,sourced,wikipedia:Jesse Ryder,2026-08-27
9219eff0,JDS Neesham,355269,LHB,RAP,Left-handed,Right-arm medium-fast,sourced,wikipedia:James Neesham,2026-08-27
93a17209,VY Mahesh,31732,RHB,RAP,Right-handed,Right-arm medium-fast,sourced,wikipedia:Yo Mahesh,2026-08-27
93b4fc78,MK Pandey,290630,RHB,RAP,Right-handed,Right-arm medium,sourced,wikipedia:Manish Pandey,2026-08-27
9418198b,P Simran Singh,1161024,RHB,,Right-handed,,sourced,wikipedia:Prabhsimran Singh,2026-08-27
94253925,GH Vihari,452044,RHB,OB,Right-handed,Right-arm off-break,sourced,wikipedia:Hanuma Vihari,2026-08-27
9440ef41,Suyash Sharma,1350792,RHB,LB,Right-handed,Right-arm leg-break,sourced,wikipedia:Suyash Sharma,2026-08-27
944533a5,KK Nair,398439,RHB,OB,Right-handed,Right-arm off break,sourced,wikipedia:Karun Nair,2026-08-27
94d7f855,C de Grandhomme,55395,RHB,RAP,Right-handed,Right-arm medium-fast,sourced,wikipedia:Colin de Grandhomme,2026-08-27
957532de,S Aravind,290632,LHB,LAP,Left-handed,Left-arm medium-fast,sourced,wikipedia:Sreenath Aravind,2026-08-27
96fd40ae,A Nehra,31820,RHB,LAP,Right-handed,Left arm fast,sourced,wikipedia:Ashish Nehra,2026-08-27
983f2f61,Swapnil Singh,232292,RHB,SLA,Right-handed,Slow left-arm orthodox,sourced,wikipedia:Swapnil Singh,2026-08-27
989889ff,JP Inglis,662235,RHB,,Right-handed,| role = Wicket-keeper-batter,sourced,wikipedia:Josh Inglis,2026-08-27
98ae73b1,PP Chawla,32966,LHB,LB,Left-handed,Right-arm leg break,sourced,wikipedia:Piyush Chawla,2026-08-27
99b202b3,A Chandila,27783,RHB,OB,Right-handed,Right-arm offbreak,sourced,wikipedia:Ajit Chandila,2026-08-27
99b75528,JC Buttler,308967,RHB,,Right-handed,,sourced,wikipedia:Jos Buttler,2026-08-27
99d63244,KM Jadhav,290716,RHB,OB,Right-handed,Right-arm off-break,sourced,wikipedia:Kedar Jadhav,2026-08-27
9a158001,Azhar Mahmood,39024,RHB,RAP,Right-handed,Right-arm medium-fast,sourced,wikipedia:Azhar Mahmood,2026-08-27
9a963804,LE Plunkett,19264,RHB,RAP,Right-handed,Right-arm fast medium,sourced,wikipedia:Liam Plunkett,2026-08-27
9ca68676,AM Ghazanfar,1326798,RHB,OB,Right-handed,Right arm off spin,sourced,wikipedia:Allah Ghazanfar,2026-08-27
9caf69a1,WG Jacks,897549,RHB,OB,Right-handed,Right-arm off break,sourced,wikipedia:Will Jacks,2026-08-27
9d430b40,SP Narine,230558,LHB,OB,Left-handed,Right-arm off break,sourced,wikipedia:Sunil Narine,2026-08-27
9d80c5e1,S Nadeem,31872,RHB,SLA,Right-handed,Slow left-arm orthodox,sourced,wikipedia:Shahbaz Nadeem,2026-08-27
9eb1455b,NT Ellis,826915,RHB,RAP,Right-handed,Right-arm fast-medium,sourced,wikipedia:Nathan Ellis,2026-08-27
9f961c14,Joginder Sharma,29976,RHB,RAP,Right-handed,Right arm fast-medium,sourced,wikipedia:Joginder Sharma,2026-08-27
9fc0ef64,PJ Sangwan,279545,RHB,LAP,Right-handed,Left-arm medium,sourced,wikipedia:Pradeep Sangwan,2026-08-27
a03bba42,T Shamsi,379145,RHB,SLW,Right handed,Left-arm unorthodox spin,sourced,wikipedia:Tabraiz Shamsi,2026-08-27
a12e1d51,SL Malinga,49758,RHB,RAP,Right-handed,Right-arm fast,sourced,wikipedia:Lasith Malinga,2026-08-27
a1d053dd,SS Cottrell,495551,RHB,LAP,Right-handed,Left-arm fast-medium,sourced,wikipedia:Sheldon Cottrell,2026-08-27
a1f1829d,K Goel,28997,LHB,RAP,Left-handed,Right-arm medium,sourced,wikipedia:Karan Goel,2026-08-27
a24be938,VR Iyer,851403,LHB,RAP,Left-handed,Right-arm medium,sourced,wikipedia:Venkatesh Iyer,2026-08-27
a2f46292,KK Ahmed,942645,RHB,LAP,Right-handed,Left-arm fast medium,sourced,wikipedia:Khaleel Ahmed,2026-08-27
a316d663,GC Viljoen,375126,RHB,RAP,Right-handed,Right-arm fast,sourced,wikipedia:Hardus Viljoen,2026-08-27
a457cfb5,Mayank Dagar,942367,RHB,SLA,Right-handed,Slow left-arm orthodox,sourced,wikipedia:Mayank Dagar,2026-08-27
a45a5e8d,AM Nayar,32091,LHB,RAP,Left-handed,Right-arm Medium,sourced,wikipedia:Abhishek Nayar,2026-08-27
a4cc73aa,SV Samson,425943,RHB,,Right-handed,,sourced,wikipedia:Sanju Samson,2026-08-27
a4e37e47,S Dube,714451,LHB,RAP,Left-handed,Right-arm medium fast,sourced,wikipedia:Shivam Dube,2026-08-27
a757b0d8,KA Pollard,230559,RHB,RAP,Right-handed,Right-arm medium,sourced,wikipedia:Kieron Pollard,2026-08-27
a7c226e1,FH Edwards,51782,RHB,RAP,Right-handed,Right arm fast,sourced,wikipedia:Fidel Edwards,2026-08-27
a818c1be,TA Boult,277912,RHB,LAP,Right-handed,Left-arm fast-medium,sourced,wikipedia:Trent Boult,2026-08-27
a97c8ec2,PWH de Silva,784379,RHB,LB,Right-handed,Right-arm Leg break,sourced,wikipedia:Wanindu Hasaranga,2026-08-27
a9fd84fb,M Markande,1081442,RHB,LB,Right-handed,Right-arm leg break,sourced,wikipedia:Mayank Markande,2026-08-27
aa8d28ae,D Wiese,221140,RHB,RAP,Right-handed,Right arm medium-fast,sourced,wikipedia:David Wiese,2026-08-27
aaa1b522,TL Suman,34281,RHB,OB,Right-handed,Right-arm off break,sourced,wikipedia:Tirumalasetti Suman,2026-08-27
aad0c365,Nithish Kumar Reddy,1175496,RHB,RAP,Right-handed,Right-arm medium-fast,sourced,wikipedia:Nitish Kumar Reddy,2026-08-27
ab89348d,MF Maharoof,49638,RHB,RAP,Right-handed,Right-arm fast-medium,sourced,wikipedia:Farveez Maharoof,2026-08-27
abb83e27,JM Bairstow,297433,RHB,,Right-handed,,sourced,wikipedia:Jonny Bairstow,2026-08-27
abfeb126,M Kartik,30049,LHB,SLA,Left-handed,Slow left arm orthodox,sourced,wikipedia:Murali Kartik,2026-08-27
ac5ae4af,I Udana,328026,RHB,LAP,Right-handed,Left-arm medium,sourced,wikipedia:Isuru Udana,2026-08-27
acdc62f5,A Nortje,481979,RHB,RAP,Right-handed,Right-arm fast,sourced,wikipedia:Anrich Nortje,2026-08-27
acee4cc4,Imran Tahir,40618,RHB,LB,Right-handed,Right-arm leg break,sourced,wikipedia:Imran Tahir,2026-08-27
ad3b6e95,Abishek Porel,1277545,LHB,,Left-handed,,sourced,wikipedia:Abishek Porel,2026-08-27
ad427b5c,Lalit Yadav,930189,RHB,OB,Right-handed,Right-arm offbreak,sourced,wikipedia:Lalit Yadav (Delhi cricketer),2026-08-27
addfb70e,SW Tait,8076,RHB,RAP,Right-handed,Right-arm fast,sourced,wikipedia:Shaun Tait,2026-08-27
ae091d39,SA Asnodkar,26782,RHB,OB,Right-handed,Right-arm off break,sourced,wikipedia:Swapnil Asnodkar,2026-08-27
ae78bc32,MS Gony,317293,RHB,RAP,Right-handed,Right-arm medium,sourced,wikipedia:Manpreet Gony,2026-08-27
af7dadf7,B Akhil,26206,RHB,RAP,Right-handed,Right-arm medium-fast,sourced,wikipedia:Balachandra Akhil,2026-08-27
b0482a1d,Tilak Varma,1170265,LHB,OB,Left-handed,right-arm off-break,sourced,wikipedia:Tilak Varma,2026-08-27
b0946605,AS Joseph,670031,RHB,RAP,Right-handed,Right-arm fast,sourced,wikipedia:Alzarri Joseph,2026-08-27
b1451597,LR Shukla,34019,RHB,RAP,Right-handed,Right-arm medium-fast,sourced,wikipedia:Laxmi Ratan Shukla,2026-08-27
b17e2f24,KL Rahul,422108,RHB,,Right-handed,,sourced,wikipedia:KL Rahul,2026-08-27
b1ad996b,MP Yadav,1292563,RHB,RAP,Right-handed,Right-arm fast,sourced,wikipedia:Mayank Yadav,2026-08-27
b2a79f17,B Laughlin,315623,RHB,RAP,Right-handed,Right-arm fast-medium,sourced,wikipedia:Ben Laughlin (cricketer),2026-08-27
b2ae53f5,T Thushara,49677,LHB,LAP,Left-handed,Left-arm fast-medium,sourced,wikipedia:Thilan Thushara,2026-08-27
b2b4f545,A Mhatre,1452455,RHB,OB,Right-handed,Right-arm off break,sourced,wikipedia:Ayush Mhatre,2026-08-27
b2b50355,L Balaji,26829,RHB,RAP,Right-handed,Right-arm fast medium,sourced,wikipedia:Lakshmipathy Balaji,2026-08-27
b410bd3d,S Lamichhane,960361,RHB,,Right-handed,Leg break,sourced,wikipedia:Sandeep Lamichhane,2026-08-27
b483905d,Akash Singh,1175458,RHB,LAP,Right-handed,Left-arm medium-fast,sourced,"wikipedia:Akash Singh (cricketer, born 2002)",2026-08-27
b4b99816,Shubman Gill,1070173,RHB,OB,Right-handed,Right-arm off break,sourced,wikipedia:Shubman Gill,2026-08-27
b4f5c2d9,KL Nagarkoti,1070188,RHB,RAP,Right-handed,Right-arm fast,sourced,wikipedia:Kamlesh Nagarkoti,2026-08-27
b552a935,AC Thomas,47569,RHB,RAP,Right-handed,Right-arm fast-medium,sourced,wikipedia:Alfonso Thomas,2026-08-27
b56dc5f7,BE Hendricks,379927,LHB,LAP,Left-handed,Left-arm fast-medium,sourced,wikipedia:Beuran Hendricks,2026-08-27
b57f8a9a,BJ Hodge,5674,RHB,OB,Right-handed,Right-arm off break,sourced,wikipedia:Brad Hodge,2026-08-27
b5da6c24,PA Patel,32242,LHB,,Left-handed,,sourced,wikipedia:Parthiv Patel,2026-08-27
b61a3e1a,LRPL Taylor,38699,RHB,OB,Right-handed,Right-arm off break,sourced,wikipedia:Ross Taylor,2026-08-27
b63ab531,LA Pomersbach,232284,LHB,OB,Left-handed,Right-arm off-break,sourced,wikipedia:Luke Pomersbach,2026-08-27
b681e71e,GJ Maxwell,325026,RHB,OB,Right-handed,Right-arm off break,sourced,wikipedia:Glenn Maxwell,2026-08-27
b720a5d6,DB Ravi Teja,237701,RHB,LB,Right-handed,Right-arm leg spin,sourced,wikipedia:Dwaraka Ravi Teja,2026-08-27
b8527c3d,Rasikh Salam,1161489,RHB,RAP,Right-handed,Right-arm fast medium,sourced,wikipedia:Rasikh Salam,2026-08-27
b8a55852,BB McCullum,37737,RHB,RAP,Right-handed,Right-arm medium Right-arm off break,sourced,wikipedia:Brendon McCullum,2026-08-27
b8d490fd,AJ Finch,5334,RHB,SLA,Right-handed,Slow left-arm orthodox,sourced,wikipedia:Aaron Finch,2026-08-27
ba5e1069,R Ravindra,959767,LHB,SLA,Left-handed,Slow left-arm orthodox,sourced,wikipedia:Rachin Ravindra,2026-08-27
ba607b88,V Kohli,253802,RHB,RAP,Right-handed,Right-arm medium,sourced,wikipedia:Virat Kohli,2026-08-27
bb18be76,SK Warne,8166,RHB,LB,Right-handed,Right-arm leg break,sourced,wikipedia:Shane Warne,2026-08-27
bb345e0b,G Gambhir,28763,LHB,LB,Left-handed,Right-arm leg break,sourced,wikipedia:Gautam Gambhir,2026-08-27
bb351c23,MM Ali,8917,LHB,OB,Left-handed,Right-arm off break,sourced,wikipedia:Moeen Ali,2026-08-27
bb965e9a,PK Garg,1070180,RHB,RAP,Right-handed,Right-arm medium,sourced,wikipedia:Priyam Garg,2026-08-27
bbd41817,AD Russell,276298,RHB,RAP,Right-handed,Right-arm fast,sourced,wikipedia:Andre Russell,2026-08-27
bcce309e,WPUJC Vaas,50804,LHB,LAP,Left-handed,Left-arm fast medium,sourced,wikipedia:Chaminda Vaas,2026-08-27
bcf325d2,Dhruv Jurel,1175488,RHB,,Right-handed,,sourced,wikipedia:Dhruv Jurel,2026-08-27
bd17b45f,STR Binny,27223,RHB,RAP,Right-handed,Right-arm medium-fast,sourced,wikipedia:Stuart Binny,2026-08-27
bd77eb62,A Symonds,7702,RHB,,Right-handed,,sourced,wikipedia:Andrew Symonds,2026-08-27
be24ead0,Ramandeep Singh,1079470,RHB,RAP,Right-handed,Right-arm medium,sourced,wikipedia:Ramandeep Singh (cricketer),2026-08-27
c03c6200,DJG Sammy,53115,RHB,RAP,Right-handed,Right-arm medium-fast,sourced,wikipedia:Daren Sammy,2026-08-27
c03e2850,M Vohra,532856,RHB,RAP,Right-handed,Right arm fast-medium,sourced,wikipedia:Manan Vohra,2026-08-27
c03f1114,KD Karthik,30045,RHB,OB,Right-handed,Right-arm off break,sourced,wikipedia:Dinesh Karthik,2026-08-27
c05edf8e,Harpreet Brar,1168641,LHB,SLA,Left-handed,Slow left-arm orthodox,sourced,wikipedia:Harpreet Brar,2026-08-27
c0c411cb,Naveen-ul-Haq,793447,RHB,RAP,Right-handed,Right-arm medium-fast,sourced,wikipedia:Naveen-ul-Haq,2026-08-27
c16d4035,SW Billings,297628,RHB,,Right-handed,,sourced,wikipedia:Sam Billings,2026-08-27
c18496e1,Bipul Sharma,35928,LHB,SLA,Left-handed,Slow left-arm orthodox,sourced,wikipedia:Bipul Sharma,2026-08-27
c24a2c5d,S Tyagi,317784,RHB,RAP,Right-handed,Right arm fast-medium,sourced,wikipedia:Sudeep Tyagi,2026-08-27
c33d8116,Mohsin Khan (2),1132005,LHB,LAP,Left-handed,Left arm medium fast,sourced,wikipedia:Mohsin Khan (Indian cricketer),2026-08-27
c38d3503,Shivam Mavi,1079848,RHB,RAP,Right-handed,Right-arm fast-medium,sourced,wikipedia:Shivam Mavi,2026-08-27
c3a96caf,Mandeep Singh,398506,RHB,RAP,Right-handed,Right-arm medium,sourced,wikipedia:Mandeep Singh,2026-08-27
c3d1402f,RP Singh,35280,RHB,LAP,Right-handed,Left-arm fast-medium,sourced,wikipedia:R. P. Singh,2026-08-27
c3d35165,JA Morkel,46248,LHB,RAP,Left-handed,Right-arm medium-fast,sourced,wikipedia:Albie Morkel,2026-08-27
c404f58a,DP Nannes,6981,RHB,LAP,Right-handed,Left-arm fast-medium,sourced,wikipedia:Dirk Nannes,2026-08-27
c42aaf71,M Manhas,31001,RHB,OB,Right-handed,Right-arm off-break,sourced,wikipedia:Mithun Manhas,2026-08-27
c4487b84,AB de Villiers,44936,RHB,RAP,Right-handed,Right arm medium,sourced,wikipedia:AB de Villiers,2026-08-27
c5aef772,R Shepherd,677077,RHB,RAP,Right-handed,Right-arm fast-medium,sourced,wikipedia:Romario Shepherd,2026-08-27
c64c2443,J Syed Mohammad,35261,LHB,SLA,Left-handed,Slow left arm orthodox,sourced,wikipedia:Syed Mohammed,2026-08-27
c654af19,R McLaren,46393,LHB,RAP,Left-handed,Right-arm medium-fast,sourced,wikipedia:Ryan McLaren,2026-08-27
c740ea83,RM Patidar,823703,RHB,OB,Right-handed,Right-arm off break,sourced,wikipedia:Rajat Patidar,2026-08-27
c7a995d3,R Sai Kishore,1048739,LHB,SLA,Left-handed,Slow left-arm orthodox,sourced,wikipedia:Sai Kishore,2026-08-27
c8179c68,SB Jakati,29655,LHB,SLA,Left-handed,Slow left-arm orthodox,sourced,wikipedia:Shadab Jakati,2026-08-27
c8f5f961,Anuj Rawat,1123073,LHB,,Left-handed,| role = Wicket-keeper-batter,sourced,wikipedia:Anuj Rawat,2026-08-27
cad00a4d,RR Rossouw,318845,LHB,OB,Left-handed,Right-arm off break,sourced,wikipedia:Rilee Rossouw,2026-08-27
caf69bf7,DR Sams,826901,RHB,LAP,Right-handed,Left-arm fast-medium,sourced,wikipedia:Daniel Sams,2026-08-27
cc1e8c68,UT Yadav,376116,RHB,RAP,Right-handed,Right-arm fast,sourced,wikipedia:Umesh Yadav,2026-08-27
cc61ee8f,Gurjapneet Singh,1269869,RHB,LAP,Right-handed,Left-arm fast-medium,sourced,wikipedia:Gurjapneet Singh,2026-08-27
cdc6bdba,S Sandeep Warrier,592735,RHB,RAP,Right-handed,Right-arm medium-fast,sourced,wikipedia:Sandeep Warrier,2026-08-27
ce794613,T Natarajan,802575,LHB,LAP,Left-handed,Left-arm medium,sourced,wikipedia:T. Natarajan,2026-08-27
ce820073,Sandeep Sharma,438362,RHB,RAP,Right-handed,Right-arm fast medium,sourced,wikipedia:Sandeep Sharma,2026-08-27
cf0ccafa,M Siddharth,1151286,RHB,SLA,Right-handed,Slow left arm orthodox,sourced,wikipedia:Manimaran Siddharth,2026-08-27
cf73ad76,JEC Franklin,37004,LHB,LAP,Left-handed,Left-arm medium,sourced,wikipedia:James Franklin (cricketer),2026-08-27
d014d5ac,SE Rutherford,914541,LHB,RAP,Left-handed,Right-arm Fast medium,sourced,wikipedia:Sherfane Rutherford,2026-08-27
d027ba9f,KS Williamson,277906,RHB,OB,Right-handed,Right-arm off-break,sourced,wikipedia:Kane Williamson,2026-08-27
d0513f63,CL White,8291,RHB,LB,Right-handed,Right-arm leg break,sourced,wikipedia:Cameron White,2026-08-27
d18f9182,DPMD Jayawardene,49289,RHB,RAP,Right-handed,Right-arm medium,sourced,wikipedia:Mahela Jayawardene,2026-08-27
d1a60072,N Wadhera,1151273,LHB,LB,Left-handed,Right-arm Legbreak,sourced,wikipedia:Nehal Wadhera,2026-08-27
d1c36f5c,JJ Roy,298438,RHB,RAP,Right-handed,Right-arm medium,sourced,wikipedia:Jason Roy,2026-08-27
d1c94b25,CK Langeveldt,45963,RHB,RAP,Right-handed,Right-arm fast-medium,sourced,wikipedia:Charl Langeveldt,2026-08-27
d2340a43,Anand Rajan,26797,RHB,RAP,Right-handed,Right-arm Medium,sourced,wikipedia:Anand Rajan,2026-08-27
d2a6c0e6,EJG Morgan,24598,LHB,,Left-handed,| role = Middle-order batter,sourced,wikipedia:Eoin Morgan,2026-08-27
d2a989fc,DS Kulkarni,277955,RHB,RAP,Right-handed,Right-arm medium,sourced,wikipedia:Dhawal Kulkarni,2026-08-27
d2c2b2d5,SR Tendulkar,35320,RHB,,Right-handed,,sourced,wikipedia:Sachin Tendulkar,2026-08-27
d45c29b1,Ashwani Kumar,1209126,LHB,LAP,Left-handed,Left arm medium-fast,sourced,wikipedia:Ashwani Kumar (cricketer),2026-08-27
d4f9dbd4,CA Pujara,32540,RHB,LB,Right-handed,Right arm leg break,sourced,wikipedia:Cheteshwar Pujara,2026-08-27
d5130a30,B Sai Sudharsan,1151288,LHB,LB,Left-handed,Right-arm leg break,sourced,wikipedia:Sai Sudharsan,2026-08-27
d67d5f00,DA Miller,321777,LHB,OB,Left-handed,Right-arm off break,sourced,wikipedia:David Miller (South African cricketer),2026-08-27
d68e7f48,R Rampaul,52912,LHB,RAP,Left-handed,Right arm fast medium,sourced,wikipedia:Ravi Rampaul,2026-08-27
d7017798,A Raghuvanshi,1292495,RHB,SLA,Right-handed,Slow left-arm orthodox,sourced,wikipedia:Angkrish Raghuvanshi,2026-08-27
d718440b,V Pratap Singh,528967,RHB,RAP,Right-handed,Right-arm medium,sourced,wikipedia:Veer Pratap Singh,2026-08-27
d7c6af50,DL Vettori,38710,LHB,SLA,Left-handed,Slow left-arm orthodox,sourced,wikipedia:Daniel Vettori,2026-08-27
d84378a4,M Kaif,29990,RHB,OB,Right-handed,Right-arm off break,sourced,wikipedia:Mohammad Kaif,2026-08-27
d8699ab7,ML Hayden,5616,LHB,RAP,Left-handed,Right-arm fast-medium,sourced,wikipedia:Matthew Hayden,2026-08-27
d8b2f218,BB Sran,537126,LHB,LAP,Left-handed,Left-arm fast-medium,sourced,wikipedia:Barinder Sran,2026-08-27
d9273ee7,MP Stoinis,325012,RHB,RAP,Right-handed,Right-arm medium,sourced,wikipedia:Marcus Stoinis,2026-08-27
d92e42f5,KP Appanna,269170,RHB,SLA,Right-handed,Left-arm orthodox,sourced,wikipedia:K. P. Appanna,2026-08-27
da934ee8,MK Lomror,853265,LHB,SLA,Left-handed,Slow left-arm orthodox,sourced,wikipedia:Mahipal Lomror,2026-08-27
dadbdb68,JA Duffy,547766,RHB,RAP,Right-handed,Right-arm fast-medium,sourced,wikipedia:Jacob Duffy,2026-08-27
db31895a,AS Rajpoot,591650,RHB,RAP,Right-handed,Right-arm medium-fast,sourced,wikipedia:Ankit Rajpoot,2026-08-27
db584dad,CH Gayle,51880,LHB,OB,Left-handed,Right-arm off-break,sourced,wikipedia:Chris Gayle,2026-08-27
dbe50b21,HH Pandya,625371,RHB,RAP,Right-handed,Right-arm medium-fast,sourced,wikipedia:Hardik Pandya,2026-08-27
dc4686e6,BA Bhatt,433410,LHB,SLA,Left-handed,Slow left-arm orthodox,sourced,wikipedia:Bhargav Bhatt (cricketer),2026-08-27
dcce6f09,DA Warner,219889,LHB,LB,Left-handed,Right arm leg break,sourced,wikipedia:David Warner (cricketer),2026-08-27
dcf81436,S Kaul,326017,RHB,RAP,Right handed,Right-arm medium,sourced,wikipedia:Siddarth Kaul,2026-08-27
dd09ff8e,B Lee,6278,RHB,RAP,Right-handed,Right-arm fast,sourced,wikipedia:Brett Lee,2026-08-27
de4b0555,R Shukla,390547,RHB,RAP,Right-handed,Right-arm medium,sourced,wikipedia:Rahul Shukla,2026-08-27
de8cce37,VVS Laxman,30750,RHB,OB,Right-handed,Right-arm off spin,sourced,wikipedia:VVS Laxman,2026-08-27
dec8e038,J Theron,223642,RHB,RAP,Right-handed,Right arm fast-medium,sourced,wikipedia:Rusty Theron,2026-08-27
ded9240e,PJ Cummins,489889,RHB,RAP,Right-handed,Right-arm fast,sourced,wikipedia:Pat Cummins,2026-08-27
df064e1a,Ravi Bishnoi,1175441,RHB,LB,Right-handed,Right-arm legbreak,sourced,wikipedia:Ravi Bishnoi,2026-08-27
df5a6881,DP Conway,379140,LHB,RAP,Left-handed,Right-arm medium,sourced,wikipedia:Devon Conway,2026-08-27
dfc4d8b5,KW Richardson,272262,RHB,RAP,Right-handed,Right-arm fast-medium,sourced,wikipedia:Kane Richardson,2026-08-27
e03b66ec,Mohammad Asif,41411,LHB,RAP,Left-handed,Right armed medium fast,sourced,wikipedia:Mohammad Asif (cricketer),2026-08-27
e0407c01,IC Pandey,447439,RHB,RAP,Right-handed,Right-arm medium-fast,sourced,wikipedia:Ishwar Pandey,2026-08-27
e087956b,BA Stokes,311158,LHB,RAP,Left-handed,Right-arm fast-medium,sourced,wikipedia:Ben Stokes,2026-08-27
e1d1b294,HH Gibbs,45224,RHB,RAP,Right-handed,Right arm medium,sourced,wikipedia:Herschelle Gibbs,2026-08-27
e2db2409,M Ashwin,528067,RHB,LB,Right-handed,Right-arm leg break,sourced,wikipedia:Murugan Ashwin,2026-08-27
e32d22f6,Pankaj Singh,32973,RHB,RAP,Right-handed,Right-arm medium-fast,sourced,wikipedia:Pankaj Singh (cricketer),2026-08-27
e342e5fb,CR Brathwaite,457249,RHB,RAP,Right-handed,Right-arm fast-medium,sourced,wikipedia:Carlos Brathwaite,2026-08-27
e412cb64,HF Gurney,244639,RHB,LAP,Right-handed,Left-arm fast-medium,sourced,wikipedia:Harry Gurney,2026-08-27
e4a0deae,MJ Santner,502714,LHB,SLA,Left-handed,Slow left-arm orthodox,sourced,wikipedia:Mitchell Santner,2026-08-27
e4cdf230,AS Roy,1079839,LHB,SLA,Left-handed,Slow left-arm orthodox,sourced,wikipedia:Anukul Roy,2026-08-27
e62dd25d,K Rabada,550215,LHB,RAP,Left-handed,Right-arm fast,sourced,wikipedia:Kagiso Rabada,2026-08-27
e66732f8,RD Rickelton,605661,LHB,SLA,Left-handed,Slow left-arm orthodox,sourced,wikipedia:Ryan Rickelton,2026-08-27
e798611a,HM Amla,43906,RHB,OB,Right-handed,Right-arm off break,sourced,wikipedia:Hashim Amla,2026-08-27
e84ac20c,MJ Henry,506612,RHB,RAP,Right-handed,Right-arm fast-medium,sourced,wikipedia:Matt Henry (cricketer),2026-08-27
e86754b2,TK Curran,550235,RHB,RAP,Right-handed,Right-arm fast-medium,sourced,wikipedia:Tom Curran (cricketer),2026-08-27
e938e1bc,P Kumar,30732,RHB,RAP,Right-handed,Right-arm medium-fast,sourced,wikipedia:Praveen Kumar (cricketer),2026-08-27
e94915e6,SM Curran,662973,LHB,LAP,Left-handed,Left-arm medium-fast,sourced,wikipedia:Sam Curran,2026-08-27
e9c7f0d0,Fazalhaq Farooqi,974175,RHB,LAP,Right-handed,Left-arm fast,sourced,wikipedia:Fazalhaq Farooqi,2026-08-27
ea0cdc12,BAW Mendis,268739,RHB,OB,Right-handed,Right-arm off spin,sourced,wikipedia:Ajantha Mendis,2026-08-27
eaa76d3c,C Green,1076713,RHB,RAP,Right-handed,Right-arm fast-medium,sourced,wikipedia:Cameron Green,2026-08-27
eade4650,DJ Mitchell,381743,RHB,RAP,Right-handed,Right-arm medium,sourced,wikipedia:Daryl Mitchell (New Zealand cricketer),2026-08-27
edb3d4f8,KC Cariappa,777537,RHB,,Right-handed,Leg break,sourced,wikipedia:K. C. Cariappa (cricketer),2026-08-27
ee1b6c27,N Thushara,955235,RHB,RAP,Right handed,Right arm medium-fast,sourced,wikipedia:Nuwan Thushara,2026-08-27
ee7d0c82,GD McGrath,6565,RHB,RAP,Right-handed,Right arm fast-medium,sourced,wikipedia:Glenn McGrath,2026-08-27
eef2536f,Avesh Khan,694211,RHB,RAP,Right-handed,Right-arm fast-medium,sourced,wikipedia:Avesh Khan,2026-08-27
ef5da05c,AG Murtaza,26490,LHB,SLA,Left-handed,Slow left-arm orthodox,sourced,wikipedia:Ali Murtaza,2026-08-27
efc04be7,Noor Ahmad,1182529,RHB,SLW,Right-handed,Left-arm unorthodox spin,sourced,wikipedia:Noor Ahmad,2026-08-27
f088b960,SN Khan,642525,RHB,,Right-handed,Legbreak,sourced,wikipedia:Sarfaraz Khan (cricketer),2026-08-27
f0f628c7,MM Patel,32965,RHB,RAP,Right-handed,Right arm fast medium,sourced,wikipedia:Munaf Patel,2026-08-27
f19ccfad,Washington Sundar,719715,LHB,OB,Left-handed,Right-arm off break,sourced,wikipedia:Washington Sundar,2026-08-27
f1f99156,TH David,892749,RHB,OB,Right-handed,Right-arm off break,sourced,wikipedia:Tim David,2026-08-27
f233bbb4,ST Jayasuriya,49209,LHB,SLA,Left-handed,Slow left arm orthodox,sourced,wikipedia:Sanath Jayasuriya,2026-08-27
f24c6701,M Theekshana,1138316,RHB,OB,Right-handed,Right-arm off break,sourced,wikipedia:Maheesh Theekshana,2026-08-27
f29185a1,Abhishek Sharma,1070183,LHB,SLA,Left-handed,Slow left-arm orthodox,sourced,wikipedia:Abhishek Sharma,2026-08-27
f3171936,BW Hilfenhaus,5941,RHB,RAP,Right-handed,Right-arm fast-medium,sourced,wikipedia:Ben Hilfenhaus,2026-08-27
f3cb53a1,MV Boucher,44111,RHB,RAP,Right-handed,Right arm medium,sourced,wikipedia:Mark Boucher,2026-08-27
f5180fe6,MG Johnson,6033,LHB,LAP,Left-handed,Left-arm fast,sourced,wikipedia:Mitchell Johnson,2026-08-27
f5f18a18,S Randiv,50438,RHB,OB,Right-handed,Right-arm offbreak,sourced,wikipedia:Suraj Randiv,2026-08-27
f62772e5,P Negi,530773,LHB,SLA,Left-handed,Slow left-arm orthodox,sourced,wikipedia:Pawan Negi,2026-08-27
f6d8a7ab,K Kartikeya,1159843,RHB,SLW,Right-handed,"Slow Left arm Orthodox, Left arm Wrist spin",sourced,wikipedia:Kumar Kartikeya,2026-08-27
f708a0bc,GB Hogg,5681,LHB,SLW,Left-handed,Left-arm wrist spin,sourced,wikipedia:Brad Hogg,2026-08-27
f752db61,JL Pattinson,272465,LHB,RAP,Left-handed,Right-arm fast-medium,sourced,wikipedia:James Pattinson,2026-08-27
f834dcfc,L Ngidi,542023,RHB,RAP,Right-handed,Right-arm fast-medium,sourced,wikipedia:Lungi Ngidi,2026-08-27
f846de6a,MN Samuels,52983,RHB,OB,Right-handed,Right-arm off break,sourced,wikipedia:Marlon Samuels,2026-08-27
f89d3b11,Sameer Rizvi,1175489,RHB,OB,Right-handed,Right arm off break,sourced,wikipedia:Sameer Rizvi,2026-08-27
f986ca1a,HV Patel,390481,RHB,RAP,Right-handed,Right-arm fast-medium,sourced,wikipedia:Harshal Patel,2026-08-27
f9e6e7ef,Shahbaz Ahmed,1159711,LHB,SLA,Left-handed,Slow left-arm orthodox,sourced,wikipedia:Shahbaz Ahmed (cricketer),2026-08-27
fa2f1dde,K Khejroliya,1083033,LHB,LAP,Left-handed,Left-arm medium-fast,sourced,wikipedia:Kulwant Khejroliya,2026-08-27
fa463154,AB Agarkar,26184,RHB,RAP,right-handed,right-arm fast medium,sourced,wikipedia:Ajit Agarkar,2026-08-27
fb2d1dda,N Rana,604527,LHB,OB,Left-handed,Right-arm off break,sourced,wikipedia:Nitish Rana,2026-08-27
fb66ce1f,CH Morris,439952,RHB,RAP,Right-handed,Right arm fast-medium,sourced,wikipedia:Chris Morris (cricketer),2026-08-27
fb693839,S Ladda,317292,RHB,LB,Right-handed,Right arm leg break,sourced,wikipedia:Sarabjit Ladda,2026-08-27
fcc21ace,A Kamboj,1175428,RHB,RAP,Right-handed,Right-arm medium,sourced,wikipedia:Anshul Kamboj,2026-08-27
fd835ab3,DJ Hussey,5766,RHB,OB,Right-handed,Right-arm offbreak,sourced,wikipedia:David Hussey,2026-08-27
fe11caa6,WP Saha,279810,RHB,OB,Right-handed,Right-arm off-spin,sourced,wikipedia:Wriddhiman Saha,2026-08-27
fe366f34,C Connolly,1210488,LHB,SLA,Left-handed,Slow left-arm orthodox,sourced,wikipedia:Cooper Connolly,2026-08-27
fe763256,Y Venugopal Rao,35805,RHB,OB,Right-handed,Right arm off spin,sourced,wikipedia:Venugopal Rao (cricketer),2026-08-27
fe93fd9d,RA Jadeja,234675,LHB,SLA,Left-handed,Slow left-arm orthodox,sourced,wikipedia:Ravindra Jadeja,2026-08-27
ffe699c0,CJ Jordan,288992,RHB,RAP,Right-handed,Right-arm fast-medium,sourced,wikipedia:Chris Jordan (cricketer),2026-08-27
